,mean_rmse,std_rmse,mean_mae,mean_r2,mean_mape,rmses
LightGBM,6508.566771389997,53.08819876281797,3767.055677817487,0.707951816784998,54.277070878586684,"[6480.2689397227805, 6577.722962811966, 6490.624271626607, 6560.053009245725, 6434.164673542904]"
CatBoost,6502.517065642661,55.39804810673879,3749.078501582329,0.7084871395795584,53.58168583978731,"[6477.53001154366, 6571.501044188358, 6475.682682194515, 6561.368042472973, 6426.503547813796]"
TabNet,6530.9673,49.73168,3714.1304,0.7059404817175821,51.963045597076416,"[6502.426, 6595.4854, 6511.7124, 6581.2505, 6463.961]"
